Movie,Digital,Type,File Size,Bluray,DVD
15 Serenity the Movie,1,MP4,2.22 GB,,
21,1,MKV,3.74 GB,,
24,1,MKV,14.02 GB,,
300,1,MKV,9.12 GB,,
500 Days of Summer,1,MKV,3.14 GB,,
A Charlie Brown Christmas,1,MKV,5.45 GB,,
A Knight's Tale,1,MKV,8.51 GB,,
A Quiet Place,1,MKV,1.73 GB,,
A Very Harold & Kumar Christmas,1,"M4V, MP4",4.92 GB,,
A View to a Kill,1,MKV,14.03 GB,,
Abraham Lincoln: Vampire Hunter,1,MKV,3.33 GB,,
Adventureland,1,MKV,8.51 GB,,
Adventures in Babysitting,1,MKV,23.90 GB,,
Aladdin,1,"M4V, MP4",2.71 GB,,
Alien,1,MKV,4.17 GB,,
Alien: Resurrection,1,MKV,5.02 GB,,
Aliens,1,MKV,16.94 GB,,
Alien³,1,MKV,3.10 GB,,
Anastasia,1,MP4,1.51 GB,,
Ant-Man,1,"M4V, MP4",3.59 GB,,
Apollo 13,1,MKV,7.50 GB,,
Atomic Blonde,1,MKV,3.25 GB,,
Avatar,1,MKV,11.10 GB,,
Avengers: Age of Ultron,1,MKV,3.91 GB,,
Avengers: Endgame,1,MKV,3.31 GB,,
Avengers: Infinity War,1,"M4V, MP4",3.43 GB,,
Baby Driver,1,MKV,883.70 MB,,
Back to the Future,1,"M4V, MP4",8.64 GB,,
Back to the Future Part II,1,"M4V, MP4",4.58 GB,,
Back to the Future Part III,1,"M4V, MP4",4.95 GB,,
Batman,1,"M4V, MP4",3.52 GB,,
Batman & Robin,1,"M4V, MP4",5.79 GB,,
Batman Begins,1,"M4V, MP4",3.48 GB,,
Batman Forever,1,MKV,4.66 GB,,
Batman Returns,1,M4V,5.52 GB,,
Batman: Gotham by Gaslight,1,MKV,4.38 GB,,
Baywatch,1,"M4V, MP4",3.65 GB,,
Beauty and the Beast,1,"M4V, MP4",3.10 GB,1,
Beerfest,1,"M4V, MP4",4.92 GB,,
Beetlejuice,1,"M4V, MP4",4.21 GB,,
Big Fish,1,"M4V, MP4",6.17 GB,,
Big Hero 6,1,MKV,2.43 GB,,
Birdman or (The Unexpected Virtue of Ignorance),1,MKV,36.47 GB,,
Black Panther,1,MKV,3.83 GB,,
Blade Runner 2049,1,MKV,13.21 GB,,
Blazing Saddles,1,MKV,5.36 GB,,
Book Club,1,MKV,29.98 GB,,
Brave,1,"M4V, MP4",2.25 GB,,
Bye Bye Love,1,MP4,1.76 GB,,
Captain America: Civil War,1,"M4V, MP4",3.49 GB,,
Captain America: The First Avenger,1,MKV,4.72 GB,,
Captain America: The Winter Soldier,1,"M4V, MP4",3.88 GB,,
Casino Royale,1,MKV,13.77 GB,,
Casino Royale,1,MKV,7.46 GB,,
Chappie,1,"M4V, MP4",3.54 GB,,
Charlie and the Chocolate Factory,1,"M4V, MP4",3.57 GB,,
Chasing Amy,1,"M4V, MP4",4.68 GB,,
Christmas Vacation,1,"M4V, MP4",5.59 GB,,
Chronicle,1,"M4V, MP4",4.56 GB,,
Clear and Present Danger,1,MKV,3.30 GB,,
Clerks,1,"M4V, MP4",8.94 GB,,
Coco,1,"M4V, MP4",2.68 GB,,
Collateral Damage,1,MKV,12.80 GB,,
Commando,1,MKV,12.33 GB,,
Conan the Barbarian,1,MKV,16.28 GB,,
Conan the Destroyer,1,MKV,13.29 GB,,
Constantine,1,MKV,3.55 GB,1,
Coraline,1,"M4V, MP4",3.68 GB,,
Corpse Bride,1,"M4V, MP4",1.89 GB,,
D3: The Mighty Ducks,1,MKV,6.33 GB,,
Dawn of the Planet of the Apes,1,MKV,4.17 GB,,
Daybreakers,1,"M4V, MP4",6.93 GB,,
Deadpool,1,"M4V, MP4",3.26 GB,,
Diamonds Are Forever,1,MKV,12.64 GB,,
Dick Tracy,1,MKV,25.54 GB,,
Die Another Day,1,MKV,11.84 GB,,
Die Hard,1,"M4V, MP4",5.30 GB,,
District 9,1,"M4V, MP4",5.49 GB,,
Doctor Strange,1,"M4V, MP4",2.29 GB,,
Dogma,1,MKV,26.97 GB,,
Down Periscope,1,MKV,2.30 GB,,
Dr. No,1,MKV,10.03 GB,,
Dungeons & Dragons: Honor Among Thieves,1,MKV,5.99 GB,,
Edge of Tomorrow,1,MKV,78.11 GB,,
Elf,1,MKV,16.04 GB,,
Elysium,1,"M4V, MP4",3.40 GB,,
Empire Records,1,MKV,3.27 GB,,
Enchanted,1,"M4V, MP4",4.91 GB,,
End of Days,1,MKV,16.35 GB,,
Eraser,1,MKV,13.42 GB,,
Eternal Sunshine of the Spotless Mind,1,MKV,13.50 GB,,
Fantastic Beasts and Where to Find Them,1,MKV,3.13 GB,,
Fast & Furious,1,"M4V, MP4",3.58 GB,,
Fast & Furious 6,1,"M4V, MP4",4.00 GB,,
Fast Times at Ridgemont High,1,MKV,23.25 GB,,
Fear and Loathing in Las Vegas,1,"M4V, MP4",5.92 GB,,
Ferris Bueller's Day Off,1,MKV,51.44 GB,,
Fight Club,1,"M4V, MP4",6.15 GB,,
For Your Eyes Only,1,MKV,11.19 GB,,
Ford v Ferrari,1,MKV,5.22 GB,,
Forrest Gump,1,MKV,5.65 GB,,
Four Brothers,1,"M4V, MP4",4.36 GB,,
French Kiss,1,MKV,7.65 GB,,
Friday Night Lights,1,"M4V, MP4",6.35 GB,,
From Russia with Love,1,MKV,11.15 GB,,
Frozen,1,"M4V, MP4",2.53 GB,,
Get Him to the Greek,1,"M4V, MP4",5.41 GB,,
Ghostbusters,1,MKV,7.98 GB,,
Ghostbusters II,1,MKV,4.13 GB,,
Gladiator,1,"M4V, MP4",12.38 GB,,
GoldenEye,1,MKV,12.58 GB,,
Goldfinger,1,MKV,10.72 GB,,
Good Will Hunting,1,"M4V, MP4",9.22 GB,,
Grumpy Old Men,1,MP4,3.37 GB,,
Guardians of the Galaxy,1,"M4V, MP4",2.83 GB,,
Guardians of the Galaxy: Vol. 2,1,"M4V, MP4",3.60 GB,,
Hanukkah on Rye,1,MKV,4.76 GB,,
Happy Gilmore,1,"M4V, MP4",3.26 GB,,
Harold & Kumar Go to White Castle,1,"M4V, MP4",2.64 GB,,
Harriet the Spy,1,MP4,1.87 GB,,
Harry Potter and the Chamber of Secrets,1,"M4V, MP4",4.30 GB,,
Harry Potter and the Deathly Hallows: Part 1,1,"M4V, MP4",2.99 GB,,
Harry Potter and the Deathly Hallows: Part 2,1,AVI,3.23 GB,,
Harry Potter and the Goblet of Fire,1,"M4V, MP4",4.14 GB,,
Harry Potter and the Half-Blood Prince,1,"M4V, MP4",3.35 GB,,
Harry Potter and the Order of the Phoenix,1,"M4V, MP4",3.57 GB,,
Harry Potter and the Prisoner of Azkaban,1,"M4V, MP4",4.70 GB,,
Harry Potter and the Sorcerer's Stone,1,"M4V, MP4",5.99 GB,,
Haunted Mansion,1,MP4,23.53 GB,,
Hellboy,1,"M4V, MP4",8.37 GB,,
Hellboy II: The Golden Army,1,"M4V, MP4",5.56 GB,,
High Anxiety,1,MKV,6.51 GB,,
Highlander,1,MKV,29.87 GB,,
History of the World: Part I,1,MKV,5.57 GB,,
Hoodwinked!,1,MKV,3.78 GB,,
Hope Floats,1,MKV,2.66 GB,,
Hot Fuzz,1,MKV,6.85 GB,,
House Arrest,1,MP4,3.87 GB,,
How to Train Your Dragon,1,"M4V, MP4",2.88 GB,,
How to Train Your Dragon 2,1,MKV,3.48 GB,,
How to Train Your Dragon: The Hidden World,1,MKV,23.59 GB,,
"I, Robot",1,"M4V, MP4",4.52 GB,,
"I, Tonya",1,"M4V, MP4",20.48 GB,,
Inception,1,"M4V, MP4",3.65 GB,,
Independence Day,1,"M4V, MP4",5.25 GB,,
Indiana Jones and the Last Crusade,1,"M4V, MP4",14.36 GB,,
Indiana Jones and the Temple of Doom,1,"M4V, MP4",11.45 GB,,
Inglourious Basterds,1,"M4V, MP4",2.59 GB,,
Inside Out,1,M4V,2.60 GB,,
Interstellar,1,"M4V, MP4",5.12 GB,,
Into the Woods,1,MKV,2.89 GB,,
Iron Man,1,MKV,4.76 GB,,
Iron Man 2,1,MKV,5.69 GB,,
Iron Man 3,1,MKV,2.64 GB,,
It's a Wonderful Life,1,MKV,12.51 GB,,
Jack Ryan: Shadow Recruit,1,MKV,2.59 GB,,
Jay and Silent Bob Strike Back,1,"M4V, MP4",4.67 GB,,
Jingle All the Way,1,MKV,12.56 GB,,
John Wick,1,MKV,36.00 GB,,
John Wick: Chapter 2,1,MKV,11.40 GB,,
John Wick: Chapter 3 - Parabellum,1,MKV,18.92 GB,,
John Wick: Chapter 4,1,MKV,74.20 GB,,
Johnny Mnemonic,1,MKV,4.23 GB,,
Jumanji,1,MKV,13.73 GB,,
Jumanji: The Next Level,1,MKV,14.82 GB,,
Jumanji: Welcome to the Jungle,1,MKV,17.12 GB,,
Junior,1,MKV,14.51 GB,,
Jurassic Park,1,MKV,13.95 GB,,
Jurassic World,1,"M4V, MP4",9.97 GB,,
Kill Bill: Vol. 1,1,MKV,4.66 GB,,
Kill Bill: Vol. 2,1,"M4V, MP4",5.78 GB,,
Killing Gunther,1,MKV,11.89 GB,,
Kindergarten Cop,1,MKV,13.15 GB,,
Kingsman: The Golden Circle,1,MKV,3.90 GB,,
Kingsman: The Secret Service,1,"M4V, MP4",3.01 GB,,
Klaus,1,MKV,3.17 GB,,
Kung Fu Panda,1,MKV,11.87 GB,,
Last Action Hero,1,MKV,16.56 GB,,
Licence to Kill,1,MKV,13.04 GB,,
Live and Let Die,1,MKV,11.75 GB,,
"Lock, Stock and Two Smoking Barrels",1,"M4V, MP4",11.25 GB,,
Logan Lucky,1,MKV,14.40 GB,,
Lord of War,1,"M4V, MP4",8.16 GB,,
Love Actually,1,MKV,18.57 GB,,
Mad Max: Fury Road,1,MKV,3.03 GB,,
Maggie,1,MKV,11.80 GB,,
Man of Steel,1,"M4V, MP4",9.88 GB,,
Memento,1,"M4V, MP4",4.07 GB,,
Miracle,1,"M4V, MP4",8.84 GB,,
Mission: Impossible,1,MKV,50.36 GB,,
Mission: Impossible - Dead Reckoning,1,MKV,70.27 GB,,
Mission: Impossible - Fallout,1,MKV,48.57 GB,,
Mission: Impossible - Ghost Protocol,1,MKV,49.68 GB,,
Mission: Impossible - Rogue Nation,1,MKV,49.65 GB,,
Mission: Impossible II,1,MKV,49.45 GB,,
Mission: Impossible III,1,MKV,49.56 GB,,
Moneyball,1,"M4V, MP4",12.02 GB,,
"Monsters, Inc.",1,"M4V, MP4",3.58 GB,,
Monty Python and the Holy Grail,1,MKV,10.13 GB,,
Moonraker,1,MKV,12.31 GB,,
Moulin Rouge!,1,MKV,7.63 GB,,
Mr. & Mrs. Smith,1,MKV,3.59 GB,,
Muppet Treasure Island,1,MKV,7.43 GB,,
Muppets Most Wanted,1,MKV,4.02 GB,,
Napoleon Dynamite,1,MKV,7.94 GB,,
Never Say Never Again,1,MKV,13.84 GB,,
Nick and Norah's Infinite Playlist,1,MKV,10.24 GB,,
Ocean's Eleven,1,"M4V, MP4",5.63 GB,,
Ocean's Thirteen,1,"M4V, MP4",7.77 GB,,
Ocean's Twelve,1,"M4V, MP4",8.47 GB,,
Octopussy,1,MKV,13.82 GB,,
Office Space,1,MP4,1.52 GB,,
Oliver & Company,1,"M4V, MP4",3.19 GB,,
On Her Majesty's Secret Service,1,MKV,15.10 GB,,
One Fine Day,1,MP4,1.70 GB,,
Oppenheimer,1,MKV,86.53 GB,,
Over the Hedge,1,MKV,6.56 GB,,
Pacific Rim,1,MKV,7.54 GB,,
Pacific Rim: Uprising,1,MKV,3.64 GB,,
Pan's Labyrinth,1,MKV,3.78 GB,,
Patriot Games,1,MKV,3.23 GB,,
Percy Jackson & the Olympians: The Lightning Thief,1,MKV,4.23 GB,,
Percy Jackson: Sea of Monsters,1,MKV,3.52 GB,,
Pillow Talk,1,MP4,1.95 GB,,
Pirates of the Caribbean: At World's End,1,MKV,7.92 GB,,
Pirates of the Caribbean: Dead Man's Chest,1,MKV,6.63 GB,,
Pirates of the Caribbean: The Curse of the Black Pearl,1,MKV,6.84 GB,,
Pitch Perfect,1,"M4V, MP4",3.75 GB,,
Predator,1,MKV,3.59 GB,,
Predator 2,1,MKV,4.15 GB,,
Pretty in Pink,1,MKV,5.75 GB,,
Pride and Prejudice and Zombies,1,MKV,2.71 GB,,
Primal Fear,1,MKV,6.62 GB,,
Pulp Fiction,1,MKV,3.78 GB,,
Puss in Boots,1,MKV,6.21 GB,,
Puss in Boots: The Last Wish,1,MKV,11.10 GB,,
Quantum of Solace,1,MKV,5.76 GB,,
Raiders of the Lost Ark,1,"M4V, MP4",7.05 GB,,
Ratatouille,1,MKV,1.96 GB,,
Raw Deal,1,MKV,12.44 GB,,
Ready Player One,1,MP4,2.24 GB,,
Red Heat,1,MKV,13.87 GB,,
Reservoir Dogs,1,MKV,2.49 GB,,
Resident Evil,1,"M4V, MP4",4.74 GB,,
Resident Evil: Afterlife,1,"M4V, MP4",2.93 GB,,
Resident Evil: Apocalypse,1,"M4V, MP4",3.70 GB,,
Resident Evil: Extinction,1,"M4V, MP4",3.91 GB,,
Resident Evil: Retribution,1,"M4V, MP4",3.01 GB,,
Rise of the Planet of the Apes,1,MKV,5.24 GB,,
Robin Hood,1,"M4V, MP4",4.28 GB,,
Robin Hood: Men in Tights,1,MKV,6.67 GB,,
RoboCop,1,MKV,7.09 GB,,
RocknRolla,1,MKV,2.10 GB,,
Rocky,1,"M4V, MP4",4.22 GB,,
Rocky II,1,MKV,8.13 GB,,
Rocky III,1,MKV,6.41 GB,,
Rocky IV,1,MKV,6.92 GB,,
Rocky V,1,MKV,3.11 GB,,
Rogue One: A Star Wars Story,1,MKV,4.52 GB,,
Romeo + Juliet,1,"M4V, MP4",9.48 GB,,
Rounders,1,MKV,4.31 GB,,
Sabotage,1,MKV,13.71 GB,,
School of Rock,1,MKV,12.65 GB,,
Scott Pilgrim vs. the World,1,MKV,4.27 GB,,
Scrooged,1,MKV,50.09 GB,,
Shaun of the Dead,1,MKV,6.35 GB,,
Sherlock Holmes,1,MKV,5.86 GB,,
Sherlock Holmes: A Game of Shadows,1,MKV,4.19 GB,,
Shooter,1,M4V,2.24 GB,,
Shrek,1,MKV,2.65 GB,,
Shrek 2,1,MKV,2.68 GB,,
Shrek the Third,1,MKV,2.43 GB,,
Silent Movie,1,MKV,6.70 GB,,
Silver Linings Playbook,1,MKV,4.16 GB,,
Sin City,1,MKV,6.04 GB,,
Singin' in the Rain,1,MKV,7.65 GB,,
Sixteen Candles,1,MKV,6.17 GB,,
Skyfall,1,MKV,15.09 GB,,
Sleeping Beauty,1,MKV,3.32 GB,,
Sleepless in Seattle,1,MKV,65.06 GB,,
Snatch,1,MKV,5.12 GB,,
"South Park: Bigger, Longer & Uncut",1,MKV,2.77 GB,,
Space Jam,1,MKV,3.93 GB,,
Spaceballs,1,MKV,3.88 GB,,
Spawn,1,MKV,6.79 GB,,
Spectre,1,MKV,17.18 GB,,
Spider-Man,1,MKV,6.37 GB,,
Spider-Man 2,1,MKV,5.99 GB,,
Spider-Man: Homecoming,1,MKV,3.11 GB,,
St. Elmo's Fire,1,MP4,1.69 GB,,
Star Trek,1,MKV,7.78 GB,,
Star Trek Beyond,1,MKV,27.24 GB,,
Star Trek II: The Wrath of Khan,1,MKV,2.89 GB,,
Star Trek III: The Search for Spock,1,MKV,3.24 GB,,
Star Trek Into Darkness,1,MKV,5.73 GB,,
Star Trek IV: The Voyage Home,1,MKV,3.39 GB,,
Star Trek V: The Final Frontier,1,MKV,2.94 GB,,
Star Trek VI: The Undiscovered Country,1,MKV,3.33 GB,,
Star Trek: First Contact,1,MKV,2.54 GB,,
Star Trek: Generations,1,MKV,2.99 GB,,
Star Trek: Insurrection,1,MKV,2.90 GB,,
Star Trek: Nemesis,1,MKV,3.57 GB,,
Star Trek: The Motion Picture,1,MKV,2.26 GB,,
Star Wars: Episode I - The Phantom Menace,1,MKV,16.99 GB,,
Star Wars: Episode II - Attack of the Clones,1,MKV,12.98 GB,,
Star Wars: Episode III - Revenge of the Sith,1,MKV,15.09 GB,,
Star Wars: Episode IV - A New Hope,1,MKV,5.15 GB,,
Star Wars: Episode V - The Empire Strikes Back,1,MKV,4.58 GB,,
Star Wars: Episode VI - Return of the Jedi,1,MKV,6.80 GB,,
Star Wars: Episode VIII - The Last Jedi,1,AVI,4.39 GB,,
Star Wars: The Force Awakens,1,MKV,4.86 GB,,
Stargate,1,MKV,9.65 GB,,
Sucker Punch,1,MKV,6.37 GB,,
Super Troopers,1,MKV,4.09 GB,,
Swordfish,1,MKV,2.79 GB,,
Tangled,1,MKV,2.71 GB,,
Terminator 2: Judgment Day,1,MKV,5.38 GB,,
Terminator Salvation,1,MKV,4.87 GB,,
Tetris,1,MP4,2.17 GB,,
That Thing You Do!,1,MKV,55.35 GB,1,
The 6th Day,1,MKV,14.05 GB,,
The A-Team,1,MKV,4.14 GB,,
The Aftermath,1,MKV,11.50 GB,,
The Amazing Spider-Man,1,MKV,2.38 GB,,
The Amazing Spider-Man 2,1,MKV,4.99 GB,,
The Avengers,1,MKV,5.00 GB,,
The Big Short,1,MKV,5.76 GB,,
The Bob's Burgers Movie,1,MKV,17.08 GB,,
The Book of Life,1,"M4V, MP4",3.40 GB,,
The Boondock Saints,1,"M4V, MP4",4.04 GB,,
The Boondock Saints II: All Saints Day,1,MKV,5.40 GB,,
The Bourne Identity,1,"M4V, MP4",3.74 GB,,
The Bourne Supremacy,1,"M4V, MP4",6.60 GB,,
The Bourne Ultimatum,1,"M4V, MP4",5.86 GB,,
The Breakfast Club,1,MKV,24.75 GB,,
The Chronicles of Narnia: Prince Caspian,1,"M4V, MP4",6.15 GB,,
"The Chronicles of Narnia: The Lion, the Witch and the Wardrobe",1,"M4V, MP4",4.33 GB,,
The Chronicles of Narnia: The Voyage of the Dawn Treader,1,"M4V, MP4",7.16 GB,,
The Count of Monte Cristo,1,MKV,11.24 GB,,
The Count of Monte Cristo,1,MKV,78.92 GB,,
The Creator,1,MP4,26.27 GB,,
The Dark Knight,1,"M4V, MP4",5.10 GB,,
The Dark Knight Rises,1,"M4V, MP4",3.28 GB,,
The Devil Wears Prada,1,"M4V, MP4",4.06 GB,,
The Fast and the Furious,1,"M4V, MP4",4.26 GB,,
The Fifth Element,1,"M4V, MP4",7.15 GB,,
The Five-Year Engagement,1,MKV,3.05 GB,,
The Founder,1,MP4,1.69 GB,,
The FP,1,MKV,4.14 GB,,
The Godfather,1,MP4,5.13 GB,,
The Godfather Part II,1,MP4,5.85 GB,,
The Godfather Part III,1,MP4,4.93 GB,,
The Goonies,1,MKV,19.08 GB,,
The Great Muppet Caper,1,MKV,12.15 GB,,
The Hangover,1,"M4V, MP4",3.62 GB,,
The Hobbit: An Unexpected Journey,1,"M4V, MP4",5.87 GB,,
The Hobbit: The Desolation of Smaug,1,"M4V, MP4",5.05 GB,,
The Holdovers,1,MKV,23.41 GB,,
The Hunger Games,1,"M4V, MP4",8.40 GB,,
The Hunger Games: Catching Fire,1,"M4V, MP4",4.41 GB,,
The Hunger Games: Mockingjay - Part 1,1,"M4V, MP4",1.92 GB,,
The Hunger Games: Mockingjay - Part 2,1,"M4V, MP4",2.01 GB,,
The Hunt for Red October,1,MKV,3.80 GB,,
The Incredible Hulk,1,MKV,4.69 GB,,
The Incredibles,1,"M4V, MP4",2.65 GB,,
The Iron Giant,1,MKV,2.31 GB,,
The Last Stand,1,MKV,14.75 GB,,
The Last Starfighter,1,MKV,3.35 GB,,
The Lego Batman Movie,1,"M4V, MP4",3.19 GB,,
The Lego Movie,1,MKV,19.12 GB,,
The Lion King,1,MKV,2.09 GB,,
The Living Daylights,1,MKV,12.49 GB,,
The Lord of the Rings: The Fellowship of the Ring,1,MP4,3.96 GB,,
The Lord of the Rings: The Return of the King,1,MP4,4.00 GB,,
The Lord of the Rings: The Two Towers,1,MP4,4.00 GB,,
The Losers,1,"M4V, MP4",5.05 GB,,
The Man with the Golden Gun,1,MKV,12.22 GB,,
The Matrix,1,MKV,20.90 GB,1,
The Matrix Reloaded,,,,1,
The Matrix Revolutions,,,,1,
The Mighty Ducks,1,MKV,6.32 GB,,
The Mummy,1,"M4V, MP4",4.06 GB,,
The Muppet Christmas Carol,1,MKV,5.87 GB,,
The Muppet Movie,1,MKV,12.02 GB,,
The Muppets,1,MKV,3.49 GB,,
The Pagemaster,1,"M4V, MP4",6.27 GB,,
The Princess Bride,1,MKV,9.74 GB,,
The Proposal,1,MKV,3.33 GB,,
The Replacements,1,MKV,1.66 GB,,
The Rescuers,1,MKV,4.41 GB,,
The Rescuers Down Under,1,MKV,5.57 GB,,
The Running Man,1,MKV,11.67 GB,,
The Shape of Water,1,MKV,2.94 GB,,
The Shawshank Redemption,1,"M4V, MP4",4.90 GB,,
The Simpsons Movie,1,"M4V, MP4",1.65 GB,,
The Social Network,1,MKV,1.29 GB,,
The Spirit of Christmas,1,MKV,6.55 GB,,
The Spy Who Loved Me,1,MKV,13.26 GB,,
The Sum of All Fears,1,MKV,3.96 GB,,
The Sword in the Stone,1,"M4V, MP4",3.58 GB,,
The Terminator,1,MKV,5.45 GB,,
The Wild Robot,1,MP4,55.66 GB,,
The Wizard of Oz,1,MKV,5.63 GB,,
The World Is Not Enough,1,MKV,12.55 GB,,
Thor,1,MKV,4.62 GB,,
Thor: Ragnarok,1,MKV,3.63 GB,,
Thor: The Dark World,1,MKV,2.41 GB,,
Thunderball,1,MKV,12.44 GB,,
Titan A.E.,1,MKV,8.75 GB,,
To Be or Not to Be,1,MKV,4.32 GB,,
Tombstone,1,MKV,7.43 GB,,
Tomorrow Never Dies,1,MKV,11.34 GB,,
Top Gun,1,"M4V, MP4",3.78 GB,,
Total Recall,1,MKV,13.57 GB,,
Toy Story,1,MKV,2.57 GB,,
Toy Story 2,1,MKV,2.70 GB,,
Toy Story 3,1,MKV,3.19 GB,,
Trading Places,1,MKV,56.32 GB,,
Transformers,1,MKV,10.16 GB,,
Treasure Planet,1,MKV,3.55 GB,,
Tron,1,MKV,22.52 GB,,
Tron: Legacy,1,MKV,4.98 GB,,
Tropic Thunder,1,MKV,6.30 GB,,
True Lies,1,MKV,16.92 GB,,
Twins,1,MKV,12.32 GB,,
Twister,1,"M4V, MP4",3.48 GB,,
Two Weeks Notice,1,MKV,7.65 GB,,
Underworld,1,"M4V, MP4",5.68 GB,,
Up,1,MKV,2.46 GB,,
V for Vendetta,1,MKV,2.96 GB,1,
WALL·E,1,MKV,2.13 GB,,
War for the Planet of the Apes,1,MKV,2.89 GB,,
Warm Bodies,1,MKV,3.43 GB,,
Watchmen,1,MKV,5.67 GB,1,
Waterworld,1,"M4V, MP4",9.30 GB,,
Wayne's World,1,MKV,6.14 GB,,
Weird Science,1,MKV,61.92 GB,,
What If,1,MP4,1.43 GB,,
Wicker Park,1,MP4,1.84 GB,,
Winter's Bone,1,MKV,2.79 GB,,
Wonder Woman,1,"M4V, MP4",4.75 GB,,
Wreck-It Ralph,1,MKV,2.77 GB,,
X-Men: First Class,1,MKV,8.43 GB,,
You Only Live Twice,1,MKV,12.15 GB,,
You've Got Mail,1,MKV,8.74 GB,,
Young Frankenstein,1,MKV,11.06 GB,,
Zombieland,1,MKV,2.57 GB,,
Zootopia,1,"M4V, MP4",2.62 GB,,
